Métrique,Labels,Unité,Source physique,Appareil source,Chemin complet,Producteur,Intervalle redb,Consommateurs,Notes
bms_voltage,bms_id,V,RS485 /dev/ttyUSB0,Daly BMS 0x01 (360Ah) / 0x02 (320Ah),RS485 cmd 0x90 → BmsSnapshot.dc.voltage → state.on_bms_snapshot() → write_bms(),daly-bms-server,5s,Grafana grafana-ess_dashboard.json (Tension BMS-1 / BMS-2 / Tensions DC) | Dashboard /dashboard/visualization,Tension pack
bms_current,bms_id,A,RS485 /dev/ttyUSB0,Daly BMS 0x01 / 0x02,RS485 cmd 0x90 → BmsSnapshot.dc.current → write_bms(),daly-bms-server,5s,Grafana grafana-ess_dashboard.json (Courant Batteries) | Dashboard /dashboard/visualization,+ charge / - décharge
bms_soc,bms_id,%,RS485 /dev/ttyUSB0,Daly BMS 0x01 / 0x02,RS485 cmd 0x90 → BmsSnapshot.soc → write_bms(),daly-bms-server,5s,Grafana grafana-ess_dashboard.json (SOC BMS-1 / SOC BMS-2 / SOC Historique) | API /api/v1/chart/history | Dashboard /dashboard/history,État de charge
bms_power,bms_id,W,RS485 /dev/ttyUSB0,Daly BMS 0x01 / 0x02,RS485 cmd 0x90 → BmsSnapshot.dc.power → write_bms(),daly-bms-server,5s,aucun consommateur (orphelin),Puissance DC — non utilisée actuellement
bms_temp_max,bms_id,°C,RS485 /dev/ttyUSB0,Daly BMS 0x01 / 0x02,RS485 cmd 0x92 → BmsSnapshot.system.max_cell_temperature → write_bms(),daly-bms-server,60s,Grafana grafana-ess_dashboard.json (Température Batterie max / Températures),Température cellule max
bms_temp_min,bms_id,°C,RS485 /dev/ttyUSB0,Daly BMS 0x01 / 0x02,RS485 cmd 0x92 → BmsSnapshot.system.min_cell_temperature → write_bms(),daly-bms-server,60s,aucun consommateur (orphelin),Température cellule min
bms_cell_delta_mv,bms_id,mV,RS485 /dev/ttyUSB0,Daly BMS 0x01 / 0x02,RS485 cmds 0x91+0x92 → BmsSnapshot.system.cell_delta_mv() → write_bms(),daly-bms-server,5s,Grafana grafana-ess_dashboard.json (Delta Cellules max),Delta tension cellule max-min
bms_capacity_ah,bms_id,Ah,Config,Config.toml [bms.devices],Config BmsDevice.installed_capacity → BmsSnapshot.installed_capacity → write_bms(),daly-bms-server,30s,Dashboard /dashboard (index.html) | Dashboard /dashboard/bms/:id,Capacité nominale installée (statique)
bms_charge_mos,bms_id,0/1,RS485 /dev/ttyUSB0,Daly BMS 0x01 / 0x02,RS485 cmd 0x94 → BmsSnapshot.io.allow_to_charge → write_bms(),daly-bms-server,5s,aucun consommateur (orphelin),Proxy MOSFET charge — non graphé
bms_discharge_mos,bms_id,0/1,RS485 /dev/ttyUSB0,Daly BMS 0x01 / 0x02,RS485 cmd 0x94 → BmsSnapshot.io.allow_to_discharge → write_bms(),daly-bms-server,5s,aucun consommateur (orphelin),Proxy MOSFET décharge — non graphé
bms_cell_voltage,bms_id + cell,V,RS485 /dev/ttyUSB0,Daly BMS 0x01 / 0x02,RS485 cmd 0x91 → BmsSnapshot.voltages[cell] → write_bms(),daly-bms-server,5s,aucun consommateur (orphelin — données disponibles via API /api/v1/bms/:id/cells temps réel),Tension par cellule (haute cardinalité)
et112_power_w,address,W,RS485 /dev/ttyUSB0,ET112 0x07 (micro-ond) / 0x08 (PAC) / 0x09 (réseau),RS485 Modbus → Et112Snapshot.power_w → write_et112(),daly-bms-server,5s,Grafana grafana-ess_dashboard.json (Solaire Total 0x07 / Consommation Maison 0x08 / Réseau 0x09 / Flux de Puissance) | Grafana grafana-solar_pv_dashboard.json (PV Puissance temps réel) | API /api/v1/chart/history | API /api/v1/history/energy | Dashboard /dashboard/visualization,Puissance active
et112_voltage_v,address,V,RS485 /dev/ttyUSB0,ET112 0x07 / 0x08 / 0x09,RS485 Modbus → Et112Snapshot.voltage_v → write_et112(),daly-bms-server,5s,Grafana grafana-ess_dashboard.json (Tension Réseau),Tension L1
et112_current_a,address,A,RS485 /dev/ttyUSB0,ET112 0x07 / 0x08 / 0x09,RS485 Modbus → Et112Snapshot.current_a → write_et112(),daly-bms-server,5s,API /api/v1/chart/edge-history,Courant L1
et112_apparent_power_va,address,VA,RS485 /dev/ttyUSB0,ET112 0x07 / 0x08 / 0x09,RS485 Modbus → Et112Snapshot.apparent_power_va → write_et112(),daly-bms-server,5s,aucun consommateur (orphelin),Puissance apparente
et112_power_factor,address,,RS485 /dev/ttyUSB0,ET112 0x07 / 0x08 / 0x09,RS485 Modbus → Et112Snapshot.power_factor → write_et112(),daly-bms-server,5s,aucun consommateur (orphelin),Facteur de puissance
et112_frequency_hz,address,Hz,RS485 /dev/ttyUSB0,ET112 0x07 / 0x08 / 0x09,RS485 Modbus → Et112Snapshot.frequency_hz → write_et112(),daly-bms-server,5s,Grafana grafana-ess_dashboard.json (Fréquence Réseau),Fréquence réseau
et112_energy_import_wh,address,Wh,RS485 /dev/ttyUSB0,ET112 0x07 / 0x08 / 0x09,RS485 Modbus → Et112Snapshot.energy_import_kwh() × 1000 → write_et112(),daly-bms-server,30s,Grafana grafana-ess_dashboard.json (Bilan Journalier) | Grafana grafana-solar_pv_dashboard.json (Énergies Jour/Mois / Yield / Consommation / Bilan énergétique) | API /api/v1/history/energy,Énergie cumulée importée
et112_energy_export_wh,address,Wh,RS485 /dev/ttyUSB0,ET112 0x07 / 0x08 / 0x09,RS485 Modbus → Et112Snapshot.energy_export_kwh() × 1000 → write_et112(),daly-bms-server,30s,Grafana grafana-ess_dashboard.json (Export Réseau Aujourd'hui) | Grafana grafana-solar_pv_dashboard.json (Énergies / Yield / Bilan énergétique) | API /api/v1/history/energy,Énergie cumulée exportée
irradiance_wm2,,W/m²,RS485 /dev/ttyUSB0,PRALRAN capteur (addr 0x05),RS485 → IrradianceSnapshot.irradiance_wm2 → write_irradiance(),daly-bms-server,5s,Grafana grafana-ess_dashboard.json (Irradiance W/m² / Détail Production Solaire) | API /api/v1/irradiance/status | Dashboard /dashboard/visualization,Irradiance solaire directe
venus_mppt_power_w,instance,W,Victron VenusOS D-Bus,MPPT SolarCharger inst.273 / inst.289,VenusOS D-Bus → NanoPi → N/{pid}/solarcharger/{id}/Yield/Power → Pi5 → energy-manager solar_power → santuario/meteo/venus → daly-bms-server handle_meteo_topic() → write_venus_mppt(),daly-bms-server,5s,Grafana grafana-ess_dashboard.json (MPPT 1 inst 273 / MPPT 2 inst 289 / Détail Production Solaire),Puissance DC sortie MPPT
venus_mppt_yield_today_kwh,instance,kWh,Victron VenusOS D-Bus,MPPT SolarCharger inst.273 / inst.289,VenusOS D-Bus → NanoPi → N/{pid}/solarcharger/{id}/History/Daily/0/Yield → energy-manager → santuario/meteo/venus → write_venus_mppt(),daly-bms-server,30s,Grafana grafana-ess_dashboard.json (Yield MPPT Aujourd'hui),Production journalière par MPPT (reset minuit)
venus_mppt_max_power_today_w,instance,W,Victron VenusOS D-Bus,MPPT SolarCharger inst.273 / inst.289,VenusOS D-Bus → NanoPi → N/{pid}/solarcharger/{id}/History/Daily/0/MaxPower → energy-manager → santuario/meteo/venus → write_venus_mppt(),daly-bms-server,5s,Grafana grafana-ess_dashboard.json (Pic Puissance Aujourd'hui),Pic puissance du jour par MPPT
venus_mppt_pv_voltage_v,instance,V,Victron VenusOS D-Bus,MPPT SolarCharger inst.273 / inst.289,VenusOS D-Bus → NanoPi → N/{pid}/solarcharger/{id}/Pv/V → energy-manager → santuario/meteo/venus → write_venus_mppt(),daly-bms-server,5s,aucun consommateur (orphelin — affiché temps réel via API venus/mppt),Tension panneau PV
venus_mppt_dc_current_a,instance,A,Victron VenusOS D-Bus,MPPT SolarCharger inst.273 / inst.289,VenusOS D-Bus → NanoPi → N/{pid}/solarcharger/{id}/Dc/0/Current → energy-manager → santuario/meteo/venus → write_venus_mppt(),daly-bms-server,5s,aucun consommateur (orphelin),Courant DC vers batterie
venus_shunt_soc_percent,,%,Victron VenusOS D-Bus,SmartShunt,VenusOS D-Bus → NanoPi → N/{pid}/battery/{shunt}/Soc → energy-manager smartshunt → santuario/system/venus → write_venus_smartshunt(),daly-bms-server,5s,Grafana grafana-ess_dashboard.json (SOC Batterie / SOC Historique),SOC SmartShunt
venus_shunt_voltage_v,,V,Victron VenusOS D-Bus,SmartShunt,VenusOS D-Bus → NanoPi → N/{pid}/battery/{shunt}/Dc/0/Voltage → energy-manager → santuario/system/venus → write_venus_smartshunt(),daly-bms-server,5s,aucun consommateur (orphelin),Tension DC batterie (SmartShunt)
venus_shunt_current_a,,A,Victron VenusOS D-Bus,SmartShunt,VenusOS D-Bus → NanoPi → N/{pid}/battery/{shunt}/Dc/0/Current → energy-manager → santuario/system/venus → write_venus_smartshunt(),daly-bms-server,5s,Grafana grafana-ess_dashboard.json (Courant Batteries / Taux Cyclage 24h) | API /api/v1/chart/edge-history | Dashboard /dashboard/visualization,Courant DC batterie
venus_shunt_power_w,,W,Victron VenusOS D-Bus,SmartShunt,VenusOS D-Bus → NanoPi → N/{pid}/battery/{shunt}/Dc/0/Power → energy-manager → santuario/system/venus → write_venus_smartshunt(),daly-bms-server,5s,Grafana grafana-ess_dashboard.json (Batterie + charge / Flux de Puissance),Puissance DC batterie
venus_shunt_energy_in_kwh,,kWh,Victron VenusOS D-Bus,SmartShunt,VenusOS D-Bus → NanoPi → N/{pid}/battery/+/History/ChargedEnergy → energy-manager → santuario/system/venus → write_venus_smartshunt(),daly-bms-server,30s,aucun consommateur (orphelin),Énergie totale chargée cumulée
venus_shunt_energy_out_kwh,,kWh,Victron VenusOS D-Bus,SmartShunt,VenusOS D-Bus → NanoPi → N/{pid}/battery/+/History/DischargedEnergy → energy-manager → santuario/system/venus → write_venus_smartshunt(),daly-bms-server,30s,aucun consommateur (orphelin),Énergie totale déchargée cumulée
venus_shunt_ah_charged_today,,Ah,Victron VenusOS D-Bus,SmartShunt,VenusOS D-Bus → NanoPi → energy-manager calcul journalier → santuario/system/venus → write_venus_smartshunt(),daly-bms-server,5s,API /api/v1/history/energy,Ah chargés aujourd'hui
venus_shunt_ah_discharged_today,,Ah,Victron VenusOS D-Bus,SmartShunt,VenusOS D-Bus → NanoPi → energy-manager calcul journalier → santuario/system/venus → write_venus_smartshunt(),daly-bms-server,5s,API /api/v1/history/energy,Ah déchargés aujourd'hui
venus_inverter_voltage_v,,V,Victron VenusOS D-Bus,VEBus MultiPlus/Quattro,VenusOS D-Bus → NanoPi → N/{pid}/vebus/{id}/Dc/0/Voltage → energy-manager → santuario/inverter/venus → write_venus_inverter(),daly-bms-server,5s,Grafana grafana-ess_dashboard.json (Onduleur Tension DC / Tensions DC),Tension DC entrée onduleur
venus_inverter_current_a,,A,Victron VenusOS D-Bus,VEBus MultiPlus/Quattro,VenusOS D-Bus → NanoPi → N/{pid}/vebus/{id}/Dc/0/Current → energy-manager → santuario/inverter/venus → write_venus_inverter(),daly-bms-server,5s,aucun consommateur (orphelin),Courant DC entrée onduleur
venus_inverter_power_w,,W,Victron VenusOS D-Bus,VEBus MultiPlus/Quattro,VenusOS D-Bus → NanoPi → N/{pid}/vebus/{id}/Dc/0/Power → energy-manager → santuario/inverter/venus → write_venus_inverter(),daly-bms-server,5s,API /api/v1/chart/edge-history | Dashboard /dashboard/visualization,Puissance DC entrée onduleur
venus_inverter_ac_output_power_w,,W,Victron VenusOS D-Bus,VEBus MultiPlus/Quattro,VenusOS D-Bus → NanoPi → N/{pid}/vebus/{id}/Ac/Out/L1/P → energy-manager → santuario/inverter/venus → write_venus_inverter(),daly-bms-server,5s,Grafana grafana-ess_dashboard.json (Onduleur Sortie AC) | API /api/v1/chart/edge-history | Dashboard /dashboard/visualization,Puissance AC sortie onduleur L1
venus_inverter_ac_output_voltage_v,,V,Victron VenusOS D-Bus,VEBus MultiPlus/Quattro,VenusOS D-Bus → NanoPi → N/{pid}/vebus/{id}/Ac/Out/L1/V → energy-manager → santuario/inverter/venus → write_venus_inverter(),daly-bms-server,5s,aucun consommateur (orphelin),Tension AC sortie L1
venus_inverter_ac_output_current_a,,A,Victron VenusOS D-Bus,VEBus MultiPlus/Quattro,VenusOS D-Bus → NanoPi → N/{pid}/vebus/{id}/Ac/Out/L1/I → energy-manager → santuario/inverter/venus → write_venus_inverter(),daly-bms-server,5s,aucun consommateur (orphelin),Courant AC sortie L1
venus_inverter_ac_freq_hz,,Hz,Victron VenusOS D-Bus,VEBus MultiPlus/Quattro,VenusOS D-Bus → NanoPi → N/{pid}/vebus/{id}/Ac/Out/L1/F → energy-manager → santuario/inverter/venus → write_venus_inverter(),daly-bms-server,5s,aucun consommateur (orphelin),Fréquence AC sortie
venus_inverter_ac_in_ignore,,0/1,Victron VenusOS D-Bus,VEBus MultiPlus/Quattro,VenusOS D-Bus → NanoPi → N/{pid}/vebus/{id}/Ac/State/IgnoreAcIn1 → energy-manager → santuario/inverter/venus → write_venus_inverter(),daly-bms-server,5s,aucun consommateur (orphelin),1 = îlotage forcé
venus_temp_c,instance,°C,API Open-Meteo (Internet),Open-Meteo API,energy-manager meteo (poll API) → santuario/heat/1/venus → daly-bms-server handle_temperature_topic() → write_venus_temperature(),daly-bms-server,60s,Grafana grafana-ess_dashboard.json (Température Ext. / Températures),Température extérieure (modèle météo)
venus_humidity_percent,instance,%,API Open-Meteo (Internet),Open-Meteo API,energy-manager meteo → santuario/heat/1/venus → write_venus_temperature(),daly-bms-server,60s,aucun consommateur (orphelin),Humidité extérieure
venus_heatpump_power_w,mqtt_index,W,Multiple,LG ThinQ (idx 1) / ET112 0x08 (idx 8) / ET112 0x09 (idx 9),Sources multiples → santuario/heatpump/{idx}/venus → daly-bms-server handle_heatpump_topic() → write_venus_heatpump(),daly-bms-server,5s,Grafana grafana-ess_dashboard.json (Chauffe-Eau Puissance),Puissance AC chauffe-eau / consommation
venus_heatpump_energy_kwh,mqtt_index,kWh,Multiple,LG ThinQ (idx 1) / ET112 0x08 / 0x09,santuario/heatpump/{idx}/venus → write_venus_heatpump(),daly-bms-server,30s,aucun consommateur (orphelin),Énergie cumulée consommée
venus_heatpump_state,mqtt_index,int,Multiple,LG ThinQ (idx 1) / ET112,santuario/heatpump/{idx}/venus → write_venus_heatpump(),daly-bms-server,5s,aucun consommateur (orphelin),État (0=Off 1=PAC 2=Turbo)
venus_heatpump_temp_c,mqtt_index,°C,LG ThinQ Cloud API,LG Therma V chauffe-eau (idx 1),LG ThinQ API → energy-manager water_heater → santuario/heatpump/1/venus → write_venus_heatpump(),daly-bms-server,60s,Grafana grafana-ess_dashboard.json (Chauffe-Eau Temp / Températures),Température eau actuelle
venus_heatpump_target_temp_c,mqtt_index,°C,LG ThinQ Cloud API,LG Therma V chauffe-eau (idx 1),LG ThinQ API → energy-manager → santuario/heatpump/1/venus → write_venus_heatpump(),daly-bms-server,60s,aucun consommateur (orphelin),Consigne température
ats_active_source,,0/1/2,RS485 /dev/ttyUSB0,ATS CHINT NSR-250W,RS485 ATS → AtsSnapshot.active_source → write_ats(),daly-bms-server,5s,Grafana grafana-ess_dashboard.json (ATS Source Active),0=Onduleur 1=Réseau 2=Neutre
ats_voltage_v,,V,RS485 /dev/ttyUSB0,ATS CHINT NSR-250W,RS485 ATS → moyenne 3 phases source active → write_ats(),daly-bms-server,5s,aucun consommateur (orphelin),Tension moyenne source active
ats_freq_hz,,Hz,RS485 /dev/ttyUSB0,ATS CHINT NSR-250W,RS485 ATS → freq1_hz ou freq2_hz selon source active → write_ats(),daly-bms-server,5s,aucun consommateur (orphelin),Fréquence source active
ats_v1a,,V,RS485 /dev/ttyUSB0,ATS CHINT NSR-250W,RS485 ATS → AtsSnapshot.v1a → write_ats(),daly-bms-server,5s,aucun consommateur (orphelin — vu via /dashboard/ats temps réel),Tension Source1 phase A
ats_v1b,,V,RS485 /dev/ttyUSB0,ATS CHINT NSR-250W,RS485 ATS → AtsSnapshot.v1b → write_ats(),daly-bms-server,5s,aucun consommateur (orphelin),Tension Source1 phase B
ats_v1c,,V,RS485 /dev/ttyUSB0,ATS CHINT NSR-250W,RS485 ATS → AtsSnapshot.v1c → write_ats(),daly-bms-server,5s,aucun consommateur (orphelin),Tension Source1 phase C
ats_v2a,,V,RS485 /dev/ttyUSB0,ATS CHINT NSR-250W,RS485 ATS → AtsSnapshot.v2a → write_ats(),daly-bms-server,5s,aucun consommateur (orphelin),Tension Source2 phase A
ats_v2b,,V,RS485 /dev/ttyUSB0,ATS CHINT NSR-250W,RS485 ATS → AtsSnapshot.v2b → write_ats(),daly-bms-server,5s,aucun consommateur (orphelin),Tension Source2 phase B
ats_v2c,,V,RS485 /dev/ttyUSB0,ATS CHINT NSR-250W,RS485 ATS → AtsSnapshot.v2c → write_ats(),daly-bms-server,5s,aucun consommateur (orphelin),Tension Source2 phase C
ats_freq1_hz,,Hz,RS485 /dev/ttyUSB0,ATS CHINT NSR-250W,RS485 ATS → AtsSnapshot.freq1_hz → write_ats(),daly-bms-server,5s,aucun consommateur (orphelin),Fréquence Source1
ats_freq2_hz,,Hz,RS485 /dev/ttyUSB0,ATS CHINT NSR-250W,RS485 ATS → AtsSnapshot.freq2_hz → write_ats(),daly-bms-server,5s,aucun consommateur (orphelin),Fréquence Source2
ats_sw1_closed,,0/1,RS485 /dev/ttyUSB0,ATS CHINT NSR-250W,RS485 ATS → AtsSnapshot.sw1_closed → write_ats(),daly-bms-server,5s,aucun consommateur (orphelin),Contacteur Source1 fermé
ats_sw2_closed,,0/1,RS485 /dev/ttyUSB0,ATS CHINT NSR-250W,RS485 ATS → AtsSnapshot.sw2_closed → write_ats(),daly-bms-server,5s,aucun consommateur (orphelin),Contacteur Source2 fermé
tasmota_power_w,id,W,MQTT Tasmota,Tongou smart switch (tongou_3BC764),tele/{id}/SENSOR → TasmotaSnapshot.power_w → write_tasmota(),daly-bms-server,5s,aucun consommateur (orphelin — vu via /dashboard/tasmota temps réel),Puissance mesurée
tasmota_voltage_v,id,V,MQTT Tasmota,Tongou smart switch,tele/{id}/SENSOR → write_tasmota(),daly-bms-server,5s,aucun consommateur (orphelin),Tension mesurée
tasmota_current_a,id,A,MQTT Tasmota,Tongou smart switch,tele/{id}/SENSOR → write_tasmota(),daly-bms-server,5s,aucun consommateur (orphelin),Courant mesuré
tasmota_energy_today_kwh,id,kWh,MQTT Tasmota,Tongou smart switch,tele/{id}/SENSOR → write_tasmota(),daly-bms-server,30s,aucun consommateur (orphelin),Énergie du jour
tasmota_power_on,id,0/1,MQTT Tasmota,Tongou smart switch,stat/{id}/POWER → write_tasmota(),daly-bms-server,5s,aucun consommateur (orphelin),Relais allumé
shelly_power_w,id,W,MQTT Shelly,Shelly Pro 2PM (ec62608840a4),shellypro2pm-{id}/events/rpc → ShellyEmSnapshot.total_power_w → write_shelly(),daly-bms-server,5s,aucun consommateur (orphelin — vu via /dashboard/shelly temps réel),Puissance totale ch0+ch1
shelly_voltage_v,id,V,MQTT Shelly,Shelly Pro 2PM,events/rpc → ShellyEmSnapshot.channel_0.voltage_v → write_shelly(),daly-bms-server,5s,aucun consommateur (orphelin),Tension canal 0
shelly_channel_power_w,id + channel,W,MQTT Shelly,Shelly Pro 2PM,events/rpc → ShellyEmSnapshot.channel_{n}.power_w → write_shelly(),daly-bms-server,5s,aucun consommateur (orphelin),Puissance par canal
shelly_current_a,id + channel,A,MQTT Shelly,Shelly Pro 2PM,events/rpc → write_shelly(),daly-bms-server,5s,aucun consommateur (orphelin),Courant par canal
shelly_output,id + channel,0/1,MQTT Shelly,Shelly Pro 2PM,events/rpc → write_shelly(),daly-bms-server,5s,aucun consommateur (orphelin),État relais par canal
shelly_energy_wh,id + channel,Wh,MQTT Shelly,Shelly Pro 2PM,events/rpc → write_shelly(),daly-bms-server,30s,aucun consommateur (orphelin),Énergie cumulée par canal
solar_total_w,,W,Calculé,energy-manager (agrégat dc_pv + pvinv),energy-manager solar_power::writer_task() → POST /api/v1/solar/mppt-yield → write_solar_total(),daly-bms-server,5s,Grafana grafana-ess_dashboard.json (Solaire Total / Flux de Puissance / Détail Production / Irradiance) | Grafana grafana-pv_dashboard.json (Puissance PV / Courbe temps réel / Pic Jour / Profil Production) | Grafana grafana-solar_pv_dashboard.json (PV Puissance temps réel) | Grafana pv-solar-5y.json (mêmes panels) | API /api/v1/chart/history | API /api/v1/history/energy | Dashboard /dashboard/visualization,Production solaire totale
total_solar_power,,W,Calculé,energy-manager (alias solar_total_w),Même chemin que solar_total_w — alias pour dashboards legacy,daly-bms-server,5s,aucun consommateur (orphelin — alias rétrocompatibilité),Doublon historique de solar_total_w
dc_pv_power_w,,W,Victron VenusOS D-Bus,Victron system aggregate (Dc/Pv/Power),VenusOS D-Bus → NanoPi → N/{pid}/system/0/Dc/Pv/Power → energy-manager → POST /api/v1/solar/mppt-yield → write_solar_components(),daly-bms-server,5s,Grafana grafana-pv_dashboard.json (MPPT DC / Courbe Puissance) | Grafana pv-solar-5y.json (MPPT DC / Courbe Puissance) | API /api/v1/system/totals | API /api/v1/irradiance/status,Somme MPPT DC (source vérité Victron)
pvinv_power_w,,W,Victron VenusOS D-Bus,PVInverter ET112 micro-onduleurs (inst.32),VenusOS D-Bus → NanoPi → N/{pid}/pvinverter/{pv}/Ac/Power → energy-manager → POST /api/v1/solar/mppt-yield → write_solar_components(),daly-bms-server,5s,Grafana grafana-pv_dashboard.json (Micro-Onduleurs AC / Courbe Puissance) | Grafana pv-solar-5y.json (Micro-Onduleurs AC / Courbe) | API /api/v1/system/totals | API /api/v1/irradiance/status,Puissance AC micro-onduleurs
solar_yield_kwh,,kWh,Calculé,energy-manager (mppt_yield + pvinv_yield),energy-manager → POST /api/v1/solar/mppt-yield → write_solar_yield(),daly-bms-server,30s,Grafana grafana-pv_dashboard.json (Production Jour / Aujourd'hui kWh / Production Journalière / Cumulée 12 mois / Variation Annuelle) | Grafana pv-solar-5y.json (mêmes panels),Production solaire totale du jour
solar_total_wh,,Wh,Calculé,energy-manager (alias × 1000),Identique à solar_yield_kwh × 1000 — alias pour dashboards,daly-bms-server,30s,Grafana grafana-ess_dashboard.json (Production Solaire Aujourd'hui / 30 Jours),Alias kWh→Wh
pi5_cpu_percent,,%,Pi5 /proc/stat,Raspberry Pi 5,Pi5 OS → /proc/stat → daly-bms-server monitor.rs → state.on_monitor_snapshot() → write_monitor(),daly-bms-server,5s,aucun consommateur (orphelin — préparé pour dashboard monitor),CPU usage Pi5
pi5_memory_percent,,%,Pi5 /proc/meminfo,Raspberry Pi 5,Pi5 OS → /proc/meminfo → write_monitor(),daly-bms-server,5s,aucun consommateur (orphelin),Mémoire utilisée %
pi5_disk_percent,,%,Pi5 df,Raspberry Pi 5,Pi5 OS → df → write_monitor(),daly-bms-server,5s,aucun consommateur (orphelin),Disque utilisé %
pi5_load_avg,window,,Pi5 /proc/loadavg,Raspberry Pi 5,Pi5 OS → /proc/loadavg → write_monitor(),daly-bms-server,5s,aucun consommateur (orphelin),Load avg 1m/5m/15m
pi5_mem_used_mb,,MB,Pi5 /proc/meminfo,Raspberry Pi 5,Pi5 OS → /proc/meminfo → write_monitor(),daly-bms-server,5s,aucun consommateur (orphelin),Mémoire utilisée MB
pi5_swap_used_mb,,MB,Pi5 /proc/meminfo,Raspberry Pi 5,Pi5 OS → /proc/meminfo → write_monitor(),daly-bms-server,5s,aucun consommateur (orphelin),Swap utilisé MB
pi5_net_rx_bps,,bps,Pi5 /proc/net/dev,Raspberry Pi 5,Pi5 OS → /proc/net/dev → write_monitor(),daly-bms-server,5s,aucun consommateur (orphelin),Débit réseau reçu
pi5_net_tx_bps,,bps,Pi5 /proc/net/dev,Raspberry Pi 5,Pi5 OS → /proc/net/dev → write_monitor(),daly-bms-server,5s,aucun consommateur (orphelin),Débit réseau émis
pi5_uptime_secs,,s,Pi5 OS,Raspberry Pi 5,Pi5 OS → uptime → write_monitor(),daly-bms-server,5s,aucun consommateur (orphelin),Uptime du Pi5
pi5_cpu_temp_c,,°C,Pi5 /sys/class/thermal,Raspberry Pi 5,Pi5 OS → /sys/class/thermal → write_monitor(),daly-bms-server,60s,aucun consommateur (orphelin),Température CPU
em_cpu_percent,,%,Pi5 /proc/stat,energy-manager process (Pi5),energy-manager monitoring.rs → santuario/em/metrics → write_em_metrics(),daly-bms-server,5s,aucun consommateur (orphelin),CPU vu par energy-manager
em_cpu_temp_c,,°C,Pi5 /sys/class/thermal,energy-manager process (Pi5),energy-manager monitoring.rs → santuario/em/metrics → write_em_metrics(),daly-bms-server,60s,aucun consommateur (orphelin),Température CPU (vu EM)
em_memory_percent,,%,Pi5 /proc/meminfo,energy-manager process (Pi5),energy-manager monitoring.rs → santuario/em/metrics → write_em_metrics(),daly-bms-server,5s,aucun consommateur (orphelin),Mémoire % vu par EM
em_mem_used_mb,,MB,Pi5 /proc/meminfo,energy-manager process (Pi5),energy-manager monitoring.rs → santuario/em/metrics → write_em_metrics(),daly-bms-server,5s,aucun consommateur (orphelin),Mémoire utilisée MB (vu EM)
em_swap_used_mb,,MB,Pi5 /proc/meminfo,energy-manager process (Pi5),energy-manager monitoring.rs → santuario/em/metrics → write_em_metrics(),daly-bms-server,5s,aucun consommateur (orphelin),Swap MB (vu EM)
em_disk_percent,,%,Pi5 df,energy-manager process (Pi5),energy-manager monitoring.rs → santuario/em/metrics → write_em_metrics(),daly-bms-server,5s,aucun consommateur (orphelin),Disque % (vu EM)
em_load_avg,window,,Pi5 /proc/loadavg,energy-manager process (Pi5),energy-manager monitoring.rs → santuario/em/metrics → write_em_metrics(),daly-bms-server,5s,aucun consommateur (orphelin),Load avg (vu EM)
em_net_rx_bps,,bps,Pi5 /proc/net/dev,energy-manager process (Pi5),energy-manager monitoring.rs → santuario/em/metrics → write_em_metrics(),daly-bms-server,5s,aucun consommateur (orphelin),Débit RX (vu EM)
em_net_tx_bps,,bps,Pi5 /proc/net/dev,energy-manager process (Pi5),energy-manager monitoring.rs → santuario/em/metrics → write_em_metrics(),daly-bms-server,5s,aucun consommateur (orphelin),Débit TX (vu EM)
em_process_cpu_percent,process,%,Pi5 ps,energy-manager (top processus),energy-manager monitoring.rs → ps → POST /api/v1/import/prometheus → daly-bms-server prometheus_import::import_prometheus() → redb,daly-bms-server (via endpoint Prometheus),60s,aucun consommateur (orphelin — disponible en redb depuis ce correctif),HAUTE CARDINALITÉ (1 série/process)
em_process_mem_mb,process,MB,Pi5 ps,energy-manager (top processus),energy-manager monitoring.rs → POST /api/v1/import/prometheus → redb,daly-bms-server (via endpoint Prometheus),60s,aucun consommateur (orphelin),HAUTE CARDINALITÉ (1 série/process)
em_tokio_task_polls_total,task,count,Tokio runtime,energy-manager (instrumented task),energy-manager monitoring.rs TaskMonitor → POST /api/v1/import/prometheus → redb,daly-bms-server (via endpoint Prometheus),60s,aucun consommateur (orphelin),Métrique runtime tokio
em_tokio_task_mean_poll_us,task,µs,Tokio runtime,energy-manager (instrumented task),energy-manager monitoring.rs → POST /api/v1/import/prometheus → redb,daly-bms-server (via endpoint Prometheus),60s,aucun consommateur (orphelin),Métrique runtime tokio
em_tokio_task_mean_scheduled_us,task,µs,Tokio runtime,energy-manager (instrumented task),energy-manager monitoring.rs → POST /api/v1/import/prometheus → redb,daly-bms-server (via endpoint Prometheus),60s,aucun consommateur (orphelin),Métrique runtime tokio
rule_eval_total,rule,count,energy-manager rule engine,rust-rule-engine (.grl evaluations),energy-manager rule_metrics.rs → POST /api/v1/import/prometheus → redb,daly-bms-server (via endpoint Prometheus),à la demande,aucun consommateur (orphelin),Compteur d'évaluations par règle .grl
wh_current_temp_c,,°C,LG ThinQ Cloud API,LG Therma V chauffe-eau,LG ThinQ API → energy-manager lg_thinq::spawn_poller() → santuario/em/water_heater → write_wh_metrics(),daly-bms-server,60s,aucun consommateur (orphelin — doublon de venus_heatpump_temp_c),Température eau actuelle
wh_target_temp_c,,°C,LG ThinQ Cloud API,LG Therma V chauffe-eau,LG ThinQ API → energy-manager → santuario/em/water_heater → write_wh_metrics(),daly-bms-server,60s,aucun consommateur (orphelin — doublon de venus_heatpump_target_temp_c),Consigne température
wh_mode,,int,LG ThinQ Cloud API,LG Therma V chauffe-eau,LG ThinQ API → energy-manager → santuario/em/water_heater → write_wh_metrics(),daly-bms-server,5s,aucun consommateur (orphelin — doublon de venus_heatpump_state),Mode chauffe-eau
bms_alarm_low_voltage,bms_id,bool,RS485 /dev/ttyUSB0,Daly BMS 0x01 (360Ah) / 0x02 (320Ah),RS485 cmd 0x98 → BmsSnapshot.alarms.* → state.on_bms_snapshot() → write_bms(),daly-bms-server,5s,Grafana bms-detail.json (Alarmes) | /dashboard/bms/:id,Sous-tension pack
bms_alarm_high_voltage,bms_id,bool,RS485 /dev/ttyUSB0,Daly BMS 0x01 (360Ah) / 0x02 (320Ah),RS485 cmd 0x98 → BmsSnapshot.alarms.* → state.on_bms_snapshot() → write_bms(),daly-bms-server,5s,Grafana bms-detail.json (Alarmes) | /dashboard/bms/:id,Sur-tension pack
bms_alarm_low_soc,bms_id,bool,RS485 /dev/ttyUSB0,Daly BMS 0x01 (360Ah) / 0x02 (320Ah),RS485 cmd 0x98 → BmsSnapshot.alarms.* → state.on_bms_snapshot() → write_bms(),daly-bms-server,5s,Grafana bms-detail.json (Alarmes) | /dashboard/bms/:id,SOC trop bas
bms_alarm_high_charge_current,bms_id,bool,RS485 /dev/ttyUSB0,Daly BMS 0x01 (360Ah) / 0x02 (320Ah),RS485 cmd 0x98 → BmsSnapshot.alarms.* → state.on_bms_snapshot() → write_bms(),daly-bms-server,5s,Grafana bms-detail.json (Alarmes) | /dashboard/bms/:id,Sur-courant charge
bms_alarm_high_discharge_current,bms_id,bool,RS485 /dev/ttyUSB0,Daly BMS 0x01 (360Ah) / 0x02 (320Ah),RS485 cmd 0x98 → BmsSnapshot.alarms.* → state.on_bms_snapshot() → write_bms(),daly-bms-server,5s,Grafana bms-detail.json (Alarmes) | /dashboard/bms/:id,Sur-courant décharge
bms_alarm_high_current,bms_id,bool,RS485 /dev/ttyUSB0,Daly BMS 0x01 (360Ah) / 0x02 (320Ah),RS485 cmd 0x98 → BmsSnapshot.alarms.* → state.on_bms_snapshot() → write_bms(),daly-bms-server,5s,Grafana bms-detail.json (Alarmes) | /dashboard/bms/:id,Sur-courant générique
bms_alarm_cell_imbalance,bms_id,bool,RS485 /dev/ttyUSB0,Daly BMS 0x01 (360Ah) / 0x02 (320Ah),RS485 cmd 0x98 → BmsSnapshot.alarms.* → state.on_bms_snapshot() → write_bms(),daly-bms-server,5s,Grafana bms-detail.json (Alarmes) | /dashboard/bms/:id,Déséquilibre cellules
bms_alarm_high_charge_temp,bms_id,bool,RS485 /dev/ttyUSB0,Daly BMS 0x01 (360Ah) / 0x02 (320Ah),RS485 cmd 0x98 → BmsSnapshot.alarms.* → state.on_bms_snapshot() → write_bms(),daly-bms-server,5s,Grafana bms-detail.json (Alarmes) | /dashboard/bms/:id,Sur-température charge
bms_alarm_low_charge_temp,bms_id,bool,RS485 /dev/ttyUSB0,Daly BMS 0x01 (360Ah) / 0x02 (320Ah),RS485 cmd 0x98 → BmsSnapshot.alarms.* → state.on_bms_snapshot() → write_bms(),daly-bms-server,5s,Grafana bms-detail.json (Alarmes) | /dashboard/bms/:id,Sous-température charge
bms_alarm_low_cell_voltage,bms_id,bool,RS485 /dev/ttyUSB0,Daly BMS 0x01 (360Ah) / 0x02 (320Ah),RS485 cmd 0x98 → BmsSnapshot.alarms.* → state.on_bms_snapshot() → write_bms(),daly-bms-server,5s,Grafana bms-detail.json (Alarmes) | /dashboard/bms/:id,Sous-tension cellule
bms_alarm_low_temp,bms_id,bool,RS485 /dev/ttyUSB0,Daly BMS 0x01 (360Ah) / 0x02 (320Ah),RS485 cmd 0x98 → BmsSnapshot.alarms.* → state.on_bms_snapshot() → write_bms(),daly-bms-server,5s,Grafana bms-detail.json (Alarmes) | /dashboard/bms/:id,Sous-température globale
bms_alarm_high_temp,bms_id,bool,RS485 /dev/ttyUSB0,Daly BMS 0x01 (360Ah) / 0x02 (320Ah),RS485 cmd 0x98 → BmsSnapshot.alarms.* → state.on_bms_snapshot() → write_bms(),daly-bms-server,5s,Grafana bms-detail.json (Alarmes) | /dashboard/bms/:id,Sur-température globale
bms_alarm_fuse_blown,bms_id,bool,RS485 /dev/ttyUSB0,Daly BMS 0x01 (360Ah) / 0x02 (320Ah),RS485 cmd 0x98 → BmsSnapshot.alarms.* → state.on_bms_snapshot() → write_bms(),daly-bms-server,5s,Grafana bms-detail.json (Alarmes) | /dashboard/bms/:id,Fusible grillé
bms_soh,bms_id,%,RS485,Daly BMS,RS485 cmd 0x90 → BmsSnapshot.soh,daly-bms-server,5s,Grafana bms-detail | /dashboard/bms,État de santé (dégradation pack)
bms_time_to_go_secs,bms_id,s,RS485,Daly BMS,RS485 → BmsSnapshot.time_to_go,daly-bms-server,5s,Grafana bms-detail,Temps estimé restant décharge
bms_balancing_active,bms_id,bool,RS485,Daly BMS,BmsSnapshot.balancing,daly-bms-server,5s,Grafana bms-detail,Équilibrage actif global
bms_system_switch,bms_id,bool,RS485,Daly BMS,BmsSnapshot.system_switch,daly-bms-server,5s,Grafana bms-detail,Interrupteur principal
bms_heating_active,bms_id,bool,RS485,Daly BMS,BmsSnapshot.heating,daly-bms-server,5s,Grafana bms-detail,Chauffage actif
bms_min_cell_voltage,bms_id,V,RS485,Daly BMS,BmsSnapshot.system.min_cell_voltage,daly-bms-server,5s,Grafana bms-detail,Tension cellule min
bms_max_cell_voltage,bms_id,V,RS485,Daly BMS,BmsSnapshot.system.max_cell_voltage,daly-bms-server,5s,Grafana bms-detail,Tension cellule max
bms_mos_temp_c,bms_id,°C,RS485,Daly BMS,BmsSnapshot.system.mos_temperature,daly-bms-server,60s,Grafana bms-detail,Température MOSFET principal
bms_consumed_ah,bms_id,Ah,RS485,Daly BMS,BmsSnapshot.consumed_amphours,daly-bms-server,30s,Grafana bms-detail,Ah consommés depuis pleine charge
bms_capacity_remaining_ah,bms_id,Ah,RS485,Daly BMS,BmsSnapshot.capacity,daly-bms-server,30s,Grafana bms-detail,Capacité restante (estimation)
bms_reported_capacity_ah,bms_id,Ah,RS485,Daly BMS,BmsSnapshot.bms_reported_capacity_ah (cmd 0x93),daly-bms-server,30s,Grafana bms-detail,Coulométrie BMS
bms_cell_balancing,bms_id;cell,bool,RS485,Daly BMS,BmsSnapshot.balances (cmd 0x97) par cellule,daly-bms-server,5s,Grafana bms-detail,Équilibrage par cellule
bms_modules_online,bms_id,cnt,RS485,Daly BMS,BmsSnapshot.system.nr_of_modules_online,daly-bms-server,5s,Grafana bms-detail,Modules en ligne
bms_modules_offline,bms_id,cnt,RS485,Daly BMS,BmsSnapshot.system.nr_of_modules_offline,daly-bms-server,5s,Grafana bms-detail,Modules hors ligne
bms_modules_blocking_charge,bms_id,cnt,RS485,Daly BMS,BmsSnapshot.system.nr_of_modules_blocking_charge,daly-bms-server,5s,Grafana bms-detail,Modules bloquant la charge
bms_modules_blocking_discharge,bms_id,cnt,RS485,Daly BMS,BmsSnapshot.system.nr_of_modules_blocking_discharge,daly-bms-server,5s,Grafana bms-detail,Modules bloquant la décharge
bms_charge_cycles,bms_id,cnt,RS485,Daly BMS,BmsSnapshot.history.charge_cycles,daly-bms-server,30s,Grafana bms-detail,Nombre de cycles charge effectués
bms_min_voltage_hist,bms_id,V,RS485,Daly BMS,BmsSnapshot.history.minimum_voltage,daly-bms-server,30s,Grafana bms-detail,Tension min historique
bms_max_voltage_hist,bms_id,V,RS485,Daly BMS,BmsSnapshot.history.maximum_voltage,daly-bms-server,30s,Grafana bms-detail,Tension max historique
bms_total_ah_drawn,bms_id,Ah,RS485,Daly BMS,BmsSnapshot.history.total_ah_drawn,daly-bms-server,30s,Grafana bms-detail,Cumul Ah déchargés à vie
bms_charge_request,bms_id,bool,RS485,Daly BMS,BmsSnapshot.info.charge_request,daly-bms-server,5s,Grafana bms-detail,Demande de charge active
bms_max_charge_voltage,bms_id,V,RS485,Daly BMS,BmsSnapshot.info.max_charge_voltage,daly-bms-server,5s,Grafana bms-detail,Tension charge max autorisée
bms_max_charge_current,bms_id,A,RS485,Daly BMS,BmsSnapshot.info.max_charge_current,daly-bms-server,5s,Grafana bms-detail,Courant charge max autorisé
bms_max_discharge_current,bms_id,A,RS485,Daly BMS,BmsSnapshot.info.max_discharge_current,daly-bms-server,5s,Grafana bms-detail,Courant décharge max autorisé
bms_max_charge_cell_voltage,bms_id,V,RS485,Daly BMS,BmsSnapshot.info.max_charge_cell_voltage,daly-bms-server,5s,Grafana bms-detail,Tension max cellule
bms_balance_mos,bms_id,bool,RS485,Daly BMS,BmsSnapshot.io.allow_to_balance,daly-bms-server,5s,Grafana bms-detail,Autorisation équilibrage
bms_heat_mos,bms_id,bool,RS485,Daly BMS,BmsSnapshot.io.allow_to_heat,daly-bms-server,5s,Grafana bms-detail,Autorisation chauffage
bms_external_relay,bms_id,bool,RS485,Daly BMS,BmsSnapshot.io.external_relay,daly-bms-server,5s,Grafana bms-detail,Relais externe
bms_heating_current,bms_id,A,RS485,Daly BMS,BmsSnapshot.info.heating_current,daly-bms-server,5s,Grafana bms-detail,Courant chauffage
bms_heating_power,bms_id,W,RS485,Daly BMS,BmsSnapshot.info.heating_power,daly-bms-server,5s,Grafana bms-detail,Puissance chauffage
et112_reactive_power_var,address,VAr,RS485,ET112 0x07/0x08/0x09,Et112Snapshot.reactive_power_var,daly-bms-server,5s,Grafana network-ats,Puissance réactive
tasmota_apparent_power_va,id,VA,WiFi MQTT,Tasmota plug,TasmotaSnapshot.apparent_power_va,daly-bms-server,5s,Grafana smart-devices,Puissance apparente
tasmota_power_factor,id,-1..+1,WiFi MQTT,Tasmota plug,TasmotaSnapshot.power_factor,daly-bms-server,5s,Grafana smart-devices,Facteur de puissance
tasmota_energy_yesterday_kwh,id,kWh,WiFi MQTT,Tasmota plug,TasmotaSnapshot.energy_yesterday_kwh,daly-bms-server,30s,Grafana smart-devices,Énergie hier
tasmota_energy_total_kwh,id,kWh,WiFi MQTT,Tasmota plug,TasmotaSnapshot.energy_total_kwh,daly-bms-server,30s,Grafana smart-devices,Énergie totale depuis mise en service
tasmota_rssi,id,dBm,WiFi MQTT,Tasmota plug,TasmotaSnapshot.rssi,daly-bms-server,60s,Grafana smart-devices,Signal WiFi
shelly_power_factor,id;channel,-1..+1,WiFi MQTT,Shelly Pro 2PM,ShellyChannelData.power_factor,daly-bms-server,5s,Grafana smart-devices,Facteur de puissance par canal
shelly_returned_wh,id;channel,Wh,WiFi MQTT,Shelly Pro 2PM,ShellyChannelData.returned_wh,daly-bms-server,30s,Grafana smart-devices,Énergie retournée au réseau
shelly_rssi,id,dBm,WiFi MQTT,Shelly Pro 2PM,ShellyEmSnapshot.rssi,daly-bms-server,60s,Grafana smart-devices,Signal WiFi
ats_fault,,code,RS485,ATS CHINT,AtsSnapshot.fault (FaultCode enum),daly-bms-server,5s,Grafana network-ats,Code de défaut 0..7
ats_sw_mode,,bool,RS485,ATS CHINT,AtsSnapshot.sw_mode (Auto/Manuel),daly-bms-server,5s,Grafana network-ats,Mode commutation (1=Auto)
ats_remote,,bool,RS485,ATS CHINT,AtsSnapshot.remote,daly-bms-server,5s,Grafana network-ats,Télécommande activée
ats_middle_off,,bool,RS485,ATS CHINT,AtsSnapshot.middle_off,daly-bms-server,5s,Grafana network-ats,Position centrale (double déclenché)
ats_phase_s1a,,code,RS485,ATS CHINT,AtsSnapshot.s1a (PhaseStatus),daly-bms-server,5s,Grafana network-ats,Statut phase S1A : 0=Normal 1=UV 2=OV 3=Err
ats_phase_s1b,,code,RS485,ATS CHINT,AtsSnapshot.s1b (PhaseStatus),daly-bms-server,5s,Grafana network-ats,Statut phase S1B : 0=Normal 1=UV 2=OV 3=Err
ats_phase_s1c,,code,RS485,ATS CHINT,AtsSnapshot.s1c (PhaseStatus),daly-bms-server,5s,Grafana network-ats,Statut phase S1C : 0=Normal 1=UV 2=OV 3=Err
ats_phase_s2a,,code,RS485,ATS CHINT,AtsSnapshot.s2a (PhaseStatus),daly-bms-server,5s,Grafana network-ats,Statut phase S2A : 0=Normal 1=UV 2=OV 3=Err
ats_phase_s2b,,code,RS485,ATS CHINT,AtsSnapshot.s2b (PhaseStatus),daly-bms-server,5s,Grafana network-ats,Statut phase S2B : 0=Normal 1=UV 2=OV 3=Err
ats_phase_s2c,,code,RS485,ATS CHINT,AtsSnapshot.s2c (PhaseStatus),daly-bms-server,5s,Grafana network-ats,Statut phase S2C : 0=Normal 1=UV 2=OV 3=Err
ats_cnt1,,cnt,RS485,ATS CHINT,AtsSnapshot.cnt1,daly-bms-server,30s,Grafana network-ats,Compteur commutations S1→S2
ats_cnt2,,cnt,RS485,ATS CHINT,AtsSnapshot.cnt2,daly-bms-server,30s,Grafana network-ats,Compteur commutations S2→S1
ats_runtime_h,,h,RS485,ATS CHINT,AtsSnapshot.runtime_h,daly-bms-server,30s,Grafana network-ats,Heures de fonctionnement
ats_max1_v,,V,RS485,ATS CHINT,AtsSnapshot.max1_v,daly-bms-server,30s,Grafana network-ats,Tension max historique source 1
ats_max2_v,,V,RS485,ATS CHINT,AtsSnapshot.max2_v,daly-bms-server,30s,Grafana network-ats,Tension max historique source 2
venus_mppt_state,instance,code,D-Bus,Victron MPPT,VenusMppt.state → code 0..11,daly-bms-server,5s,Grafana venus-detail,État chargeur MPPT
venus_shunt_state,,code,D-Bus,Victron SmartShunt,VenusSmartShunt.state,daly-bms-server,5s,Grafana venus-detail,État batterie (0=Idle 1=Charging 2=Discharging)
venus_shunt_time_to_go_min,,min,D-Bus,Victron SmartShunt,VenusSmartShunt.time_to_go_min,daly-bms-server,5s,Grafana venus-detail,Temps restant décharge
venus_inverter_state,,code,D-Bus,Victron Inverter,VenusInverter.state,daly-bms-server,5s,Grafana venus-detail,État onduleur (0=off..5=other)
venus_inverter_mode,,code,D-Bus,Victron Inverter,VenusInverter.mode,daly-bms-server,5s,Grafana venus-detail,Mode onduleur
venus_pressure_mbar,instance,mbar,D-Bus,D-Bus Venus via MQTT (NanoPi 192.168.1.120),VenusTemperature.pressure_mbar,daly-bms-server,60s,Grafana venus-detail,Pression atmosphérique
venus_connected,instance;device_type,bool,D-Bus,D-Bus Venus via MQTT (NanoPi 192.168.1.120),VenusTemperature.connected,daly-bms-server,5s,Grafana venus-detail,État de connexion appareil Venus
venus_heatpump_position,mqtt_index,code,D-Bus,ET112 PAC / LG ThinQ,VenusHeatpump.position,daly-bms-server,5s,Grafana venus-detail,Position 0=AC Output 1=AC Input
venus_heatpump_connected,mqtt_index,bool,D-Bus,ET112 PAC / LG ThinQ,VenusHeatpump.connected,daly-bms-server,5s,Grafana venus-detail,Connecté
pi5_mem_total_mb,,MB,host Pi5,Pi5 host,MonitorSnapshot.mem_total_mb,daly-bms-server,30s,Grafana infrastructure,Mémoire totale
pi5_swap_total_mb,,MB,host Pi5,Pi5 host,MonitorSnapshot.swap_total_mb,daly-bms-server,30s,Grafana infrastructure,Swap total
pi5_serial_port_ok,,bool,host Pi5,Pi5 host,MonitorSnapshot.serial_port_ok,daly-bms-server,5s,Grafana infrastructure,RS485 disponible (/dev/ttyUSB0)
pi5_service_active,name,bool,host Pi5,Pi5 host,MonitorSnapshot.services[].active,daly-bms-server,5s,Grafana infrastructure,systemctl is-active par service
pi5_network_service_active,name,bool,host Pi5,Pi5 host,MonitorSnapshot.network_services[].active,daly-bms-server,5s,Grafana infrastructure,Probe TCP par service réseau
pi5_process_cpu_percent,process,%,host Pi5,Pi5 host,MonitorSnapshot.processes[].cpu_percent,daly-bms-server,5s,Grafana infrastructure,CPU par processus (top-N)
pi5_process_mem_mb,process,MB,host Pi5,Pi5 host,MonitorSnapshot.processes[].mem_rss_mb,daly-bms-server,5s,Grafana infrastructure,Mémoire RSS par processus
